系所 ACCT,,,
中級會計學（一）,3,必修,none
管理學,3,群修,A
財務管理,3,群修,A
資訊管理,3,群修,A
供應鏈管理,30,選修,none
物理學史,3,通識,自然核通
人文學史,3,通識,人文核通
社會學的想像,3,通識,社會核通
人文地理學,10,通識,社會
散文賞析,4,通識,中文
大學英文,6,通識,英文
體育A,0,體育,none
體育B,0,體育,none
體育C,0,體育,none
體育D,0,體育,none
資訊概論,3,體育,自然
統計學實習,13,選修,none