系所 IB,,,
初級會計學（一）,3,必修,none
社會責任與倫理,1,必修,none
初級會計學（二）,3,必修,none
經濟學,3,必修,none
國際財務管理,3,群修,none
國際經貿法專題,3,群修,none
物理學史,3,通識,自然核通
人文學史,3,通識,人文核通
社會學的想像,3,通識,社會核通
人文地理學,10,通識,社會
散文賞析,4,通識,中文
大學英文,6,通識,英文
體育A,0,體育,none
體育B,0,體育,none
體育C,0,體育,none
體育D,0,體育,none
資訊概論,3,體育,自然